cycle,tip_x,crack_length,dadN
1,0.5000,0.7911,0.000000e+00
2,0.5000,0.7932,0.000000e+00
3,0.5000,0.7932,0.000000e+00
4,0.5000,0.7932,0.000000e+00
5,0.5000,0.7933,0.000000e+00
6,0.5000,0.7933,0.000000e+00
7,0.5000,0.7933,0.000000e+00
8,0.5000,0.7933,0.000000e+00
9,0.5000,0.7933,0.000000e+00
10,0.5000,0.7933,0.000000e+00
11,0.5000,0.7933,0.000000e+00
12,0.5000,0.7933,0.000000e+00
13,0.5000,0.7933,0.000000e+00
14,0.5000,0.7933,0.000000e+00
15,0.5000,0.7933,0.000000e+00
16,0.5000,0.7933,0.000000e+00
17,0.5000,0.7933,0.000000e+00
18,0.5000,0.7933,0.000000e+00
19,0.5000,0.7933,0.000000e+00
20,0.5000,0.7933,0.000000e+00
21,0.5000,0.7933,0.000000e+00
22,0.5000,0.7933,0.000000e+00
23,0.5000,0.7933,0.000000e+00
24,0.5000,0.7933,0.000000e+00
25,0.5000,0.7933,0.000000e+00
26,0.5000,0.7933,0.000000e+00
27,0.5000,0.7933,0.000000e+00
28,0.5000,0.7933,0.000000e+00
29,0.5000,0.7933,0.000000e+00
30,0.5000,0.7933,0.000000e+00
31,0.5000,0.7933,0.000000e+00
32,0.5000,0.7933,0.000000e+00
33,0.5000,0.7933,0.000000e+00
34,0.5000,0.7933,0.000000e+00
35,0.5000,0.7933,0.000000e+00
36,0.5000,0.7933,0.000000e+00
37,0.5000,0.7933,0.000000e+00
38,0.5000,0.7933,0.000000e+00
39,0.5000,0.7933,0.000000e+00
40,0.5000,0.7933,0.000000e+00
41,0.5000,0.7933,0.000000e+00
42,0.5000,0.7933,0.000000e+00
43,0.5000,0.7933,0.000000e+00
44,0.5000,0.7933,0.000000e+00
45,0.5000,0.7933,0.000000e+00
46,0.5000,0.7933,0.000000e+00
47,0.5000,0.7933,0.000000e+00
48,0.5000,0.7933,0.000000e+00
49,0.5000,0.7933,0.000000e+00
50,0.5000,0.7933,0.000000e+00
51,0.5000,0.7933,0.000000e+00
52,0.5000,0.7933,0.000000e+00
53,0.5000,0.7933,0.000000e+00
54,0.5000,0.7933,0.000000e+00
55,0.5000,0.7933,0.000000e+00
56,0.5000,0.7933,0.000000e+00
57,0.5000,0.7933,0.000000e+00
58,0.5000,0.7933,0.000000e+00
59,0.5000,0.7933,0.000000e+00
60,0.5000,0.7933,0.000000e+00
61,0.5000,0.7933,0.000000e+00
62,0.5000,0.7933,0.000000e+00
63,0.5000,0.7933,0.000000e+00
64,0.5000,0.7933,0.000000e+00
65,0.5000,0.7933,0.000000e+00
66,0.5000,0.7933,0.000000e+00
67,0.5000,0.7933,0.000000e+00
68,0.5000,0.7933,0.000000e+00
69,0.5000,0.7933,0.000000e+00
70,0.5000,0.7933,0.000000e+00
71,0.5000,0.7933,0.000000e+00
72,0.5000,0.7933,0.000000e+00
73,0.5000,0.7933,0.000000e+00
74,0.5000,0.7933,0.000000e+00
75,0.5000,0.7933,0.000000e+00
76,0.5000,0.7933,0.000000e+00
77,0.5000,0.7933,0.000000e+00
78,0.5000,0.7933,0.000000e+00
79,0.5000,0.7933,0.000000e+00
80,0.5000,0.7933,0.000000e+00
81,0.5000,0.7933,0.000000e+00
82,0.5000,0.7933,0.000000e+00
83,0.5000,0.7933,0.000000e+00
84,0.5000,0.7933,0.000000e+00
85,0.5000,0.7933,0.000000e+00
86,0.5000,0.7933,0.000000e+00
87,0.5000,0.7933,0.000000e+00
88,0.5000,0.7933,0.000000e+00
89,0.5000,0.7933,0.000000e+00
90,0.5000,0.7933,0.000000e+00
91,0.5000,0.7933,0.000000e+00
92,0.5000,0.7933,0.000000e+00
93,0.5000,0.7933,0.000000e+00
94,0.5000,0.7933,0.000000e+00
95,0.5000,0.7933,0.000000e+00
96,0.5000,0.7933,0.000000e+00
97,0.5000,0.7933,0.000000e+00
98,0.5000,0.7933,0.000000e+00
99,0.5000,0.7933,0.000000e+00
100,0.5000,0.7933,0.000000e+00
101,0.5000,0.7933,0.000000e+00
102,0.5000,0.7933,0.000000e+00
103,0.5000,0.7933,0.000000e+00
104,0.5000,0.7933,0.000000e+00
105,0.5000,0.7933,0.000000e+00
106,0.5000,0.7933,0.000000e+00
107,0.5000,0.7933,0.000000e+00
108,0.5000,0.7933,0.000000e+00
109,0.5000,0.7933,0.000000e+00
110,0.5000,0.7933,0.000000e+00
111,0.5000,0.7933,0.000000e+00
112,0.5000,0.7933,0.000000e+00
113,0.5000,0.7933,0.000000e+00
114,0.5000,0.7933,0.000000e+00
115,0.5000,0.7933,0.000000e+00
116,0.5000,0.7933,0.000000e+00
117,0.5000,0.7933,0.000000e+00
118,0.5000,0.7933,0.000000e+00
119,0.5000,0.7933,0.000000e+00
120,0.5000,0.7933,0.000000e+00
121,0.5000,0.7933,0.000000e+00
122,0.5000,0.7933,0.000000e+00
123,0.5000,0.7933,0.000000e+00
124,0.5000,0.7933,0.000000e+00
125,0.5000,0.7933,0.000000e+00
126,0.5000,0.7933,0.000000e+00
127,0.5000,0.7933,0.000000e+00
128,0.5000,0.7933,0.000000e+00
129,0.5000,0.7933,0.000000e+00
130,0.5000,0.7933,0.000000e+00
131,0.5000,0.7933,0.000000e+00
132,0.5000,0.7933,0.000000e+00
133,0.5000,0.7934,0.000000e+00
134,0.5000,0.7934,0.000000e+00
135,0.5000,0.7934,0.000000e+00
136,0.5000,0.7934,0.000000e+00
137,0.5000,0.7935,0.000000e+00
138,0.5000,0.7935,0.000000e+00
139,0.5000,0.7935,0.000000e+00
140,0.5000,0.7935,0.000000e+00
141,0.5000,0.7936,0.000000e+00
142,0.5000,0.7936,0.000000e+00
143,0.5000,0.7936,0.000000e+00
144,0.5000,0.7936,0.000000e+00
145,0.5000,0.7937,0.000000e+00
146,0.5000,0.7937,0.000000e+00
147,0.5000,0.7937,0.000000e+00
148,0.5000,0.7938,0.000000e+00
149,0.5000,0.7938,0.000000e+00
150,0.5000,0.7938,0.000000e+00
151,0.5000,0.7938,0.000000e+00
152,0.5000,0.7939,0.000000e+00
153,0.5000,0.7939,0.000000e+00
154,0.5000,0.7939,0.000000e+00
155,0.5000,0.7939,0.000000e+00
156,0.5000,0.7940,0.000000e+00
157,0.5000,0.7940,0.000000e+00
158,0.5000,0.7940,0.000000e+00
159,0.5000,0.7941,0.000000e+00
160,0.5000,0.7941,0.000000e+00
161,0.5000,0.7941,0.000000e+00
162,0.5000,0.7941,0.000000e+00
163,0.5000,0.7942,0.000000e+00
164,0.5000,0.7942,0.000000e+00
165,0.5000,0.7942,0.000000e+00
166,0.5000,0.7942,0.000000e+00
167,0.5000,0.7943,0.000000e+00
168,0.5000,0.7943,0.000000e+00
169,0.5000,0.7943,0.000000e+00
170,0.5000,0.7944,0.000000e+00
171,0.5000,0.7944,0.000000e+00
172,0.5000,0.7944,0.000000e+00
173,0.5000,0.7945,0.000000e+00
174,0.5000,0.7945,0.000000e+00
175,0.5000,0.7945,0.000000e+00
176,0.5000,0.7946,0.000000e+00
177,0.5000,0.7946,0.000000e+00
178,0.5000,0.7947,0.000000e+00
179,0.5000,0.7947,0.000000e+00
180,0.5000,0.7947,0.000000e+00
181,0.5000,0.7948,0.000000e+00
182,0.5000,0.7948,0.000000e+00
183,0.5000,0.7948,0.000000e+00
184,0.5000,0.7949,0.000000e+00
185,0.5000,0.7949,0.000000e+00
186,0.5000,0.7949,0.000000e+00
187,0.5000,0.7950,0.000000e+00
188,0.5000,0.7950,0.000000e+00
189,0.5000,0.7951,0.000000e+00
190,0.5000,0.7951,0.000000e+00
191,0.5000,0.7951,0.000000e+00
192,0.5000,0.7952,0.000000e+00
193,0.5000,0.7952,0.000000e+00
194,0.5000,0.7953,0.000000e+00
195,0.5000,0.7953,0.000000e+00
196,0.5000,0.7953,0.000000e+00
197,0.5000,0.7954,0.000000e+00
198,0.5000,0.7954,0.000000e+00
199,0.5000,0.7955,0.000000e+00
200,0.5000,0.7955,0.000000e+00
201,0.5000,0.7955,0.000000e+00
202,0.5000,0.7956,0.000000e+00
203,0.5000,0.7956,0.000000e+00
204,0.5000,0.7957,0.000000e+00
205,0.5000,0.7957,0.000000e+00
206,0.5000,0.7958,0.000000e+00
207,0.5000,0.7958,0.000000e+00
208,0.5000,0.7959,0.000000e+00
209,0.5000,0.7959,0.000000e+00
210,0.5000,0.7959,0.000000e+00
211,0.5000,0.7960,0.000000e+00
212,0.5000,0.7960,0.000000e+00
213,0.5000,0.7961,0.000000e+00
214,0.5000,0.7961,0.000000e+00
215,0.5000,0.7962,0.000000e+00
216,0.5000,0.7962,0.000000e+00
217,0.5000,0.7962,0.000000e+00
218,0.5000,0.7963,0.000000e+00
219,0.5000,0.7963,0.000000e+00
220,0.5000,0.7964,0.000000e+00
221,0.5000,0.7964,0.000000e+00
222,0.5000,0.7965,0.000000e+00
223,0.5000,0.7965,0.000000e+00
224,0.5000,0.7966,0.000000e+00
225,0.5000,0.7966,0.000000e+00
226,0.5000,0.7966,0.000000e+00
227,0.5000,0.7967,0.000000e+00
228,0.5000,0.7967,0.000000e+00
229,0.5000,0.7968,0.000000e+00
230,0.5000,0.7968,0.000000e+00
231,0.5000,0.7969,0.000000e+00
232,0.5000,0.7969,0.000000e+00
233,0.5000,0.7970,0.000000e+00
234,0.5000,0.7970,0.000000e+00
235,0.5000,0.7971,0.000000e+00
236,0.5000,0.7971,0.000000e+00
237,0.5000,0.7971,0.000000e+00
238,0.5000,0.7972,0.000000e+00
239,0.5000,0.7972,0.000000e+00
240,0.5000,0.7973,0.000000e+00
241,0.5000,0.7973,0.000000e+00
242,0.5000,0.7974,0.000000e+00
243,0.5000,0.7974,0.000000e+00
244,0.5000,0.7975,0.000000e+00
245,0.5000,0.7975,0.000000e+00
246,0.5000,0.7976,0.000000e+00
247,0.5000,0.7976,0.000000e+00
248,0.5000,0.7977,0.000000e+00
249,0.5000,0.7977,0.000000e+00
250,0.5000,0.7978,0.000000e+00
251,0.5000,0.7979,0.000000e+00
252,0.5000,0.7979,0.000000e+00
253,0.5000,0.7980,0.000000e+00
254,0.5000,0.7980,0.000000e+00
255,0.5000,0.7980,0.000000e+00
256,0.5000,0.7981,0.000000e+00
257,0.5000,0.7982,0.000000e+00
258,0.5000,0.7982,0.000000e+00
259,0.5000,0.7983,0.000000e+00
260,0.5000,0.7983,0.000000e+00
261,0.5000,0.7984,0.000000e+00
262,0.5000,0.7984,0.000000e+00
263,0.5000,0.7985,0.000000e+00
264,0.5000,0.7985,0.000000e+00
265,0.5000,0.7986,0.000000e+00
266,0.5000,0.7986,0.000000e+00
267,0.5000,0.7987,0.000000e+00
268,0.5000,0.7987,0.000000e+00
269,0.5000,0.7988,5.000000e-03
270,0.5100,0.7989,5.000000e-03
271,0.5100,0.7989,0.000000e+00
272,0.5100,0.7990,0.000000e+00
273,0.5100,0.7990,0.000000e+00
274,0.5100,0.7991,0.000000e+00
275,0.5100,0.7991,0.000000e+00
276,0.5100,0.7992,0.000000e+00
277,0.5100,0.7992,0.000000e+00
278,0.5100,0.7993,0.000000e+00
279,0.5100,0.7993,0.000000e+00
280,0.5100,0.7994,0.000000e+00
281,0.5100,0.7994,0.000000e+00
282,0.5100,0.7995,0.000000e+00
283,0.5100,0.7996,0.000000e+00
284,0.5100,0.7996,0.000000e+00
285,0.5100,0.7997,0.000000e+00
286,0.5100,0.7997,0.000000e+00
287,0.5100,0.7998,0.000000e+00
288,0.5100,0.7999,0.000000e+00
289,0.5100,0.7999,0.000000e+00
290,0.5100,0.8000,0.000000e+00
291,0.5100,0.8000,0.000000e+00
292,0.5100,0.8001,0.000000e+00
293,0.5100,0.8002,0.000000e+00
294,0.5100,0.8002,0.000000e+00
295,0.5100,0.8003,0.000000e+00
296,0.5100,0.8003,0.000000e+00
297,0.5100,0.8004,0.000000e+00
298,0.5100,0.8005,0.000000e+00
299,0.5100,0.8005,0.000000e+00
300,0.5100,0.8006,0.000000e+00
301,0.5100,0.8007,0.000000e+00
302,0.5100,0.8007,0.000000e+00
303,0.5100,0.8008,0.000000e+00
304,0.5100,0.8009,0.000000e+00
305,0.5100,0.8009,0.000000e+00
306,0.5100,0.8010,0.000000e+00
307,0.5100,0.8011,0.000000e+00
308,0.5100,0.8011,0.000000e+00
309,0.5100,0.8012,0.000000e+00
310,0.5100,0.8013,0.000000e+00
311,0.5100,0.8013,0.000000e+00
312,0.5100,0.8014,0.000000e+00
313,0.5100,0.8015,0.000000e+00
314,0.5100,0.8016,0.000000e+00
315,0.5100,0.8016,0.000000e+00
316,0.5100,0.8017,0.000000e+00
317,0.5100,0.8018,0.000000e+00
318,0.5100,0.8018,0.000000e+00
319,0.5100,0.8019,0.000000e+00
320,0.5100,0.8020,0.000000e+00
321,0.5100,0.8021,0.000000e+00
322,0.5100,0.8022,0.000000e+00
323,0.5100,0.8022,0.000000e+00
324,0.5100,0.8023,0.000000e+00
325,0.5100,0.8024,0.000000e+00
326,0.5100,0.8025,0.000000e+00
327,0.5100,0.8026,0.000000e+00
328,0.5100,0.8027,0.000000e+00
329,0.5100,0.8027,0.000000e+00
330,0.5100,0.8028,0.000000e+00
331,0.5100,0.8029,0.000000e+00
332,0.5100,0.8030,0.000000e+00
333,0.5100,0.8031,0.000000e+00
334,0.5100,0.8032,0.000000e+00
335,0.5100,0.8033,0.000000e+00
336,0.5100,0.8034,0.000000e+00
337,0.5100,0.8035,0.000000e+00
338,0.5100,0.8036,0.000000e+00
339,0.5100,0.8037,0.000000e+00
340,0.5100,0.8038,0.000000e+00
341,0.5100,0.8039,0.000000e+00
342,0.5100,0.8041,0.000000e+00
343,0.5100,0.8042,0.000000e+00
344,0.5100,0.8043,0.000000e+00
345,0.5100,0.8044,0.000000e+00
346,0.5100,0.8046,0.000000e+00
347,0.5100,0.8047,0.000000e+00
348,0.5100,0.8048,0.000000e+00
349,0.5100,0.8050,0.000000e+00
350,0.5100,0.8051,0.000000e+00
351,0.5100,0.8053,0.000000e+00
352,0.5100,0.8054,0.000000e+00
353,0.5100,0.8056,0.000000e+00
354,0.5100,0.8058,0.000000e+00
355,0.5100,0.8060,0.000000e+00
356,0.5100,0.8061,0.000000e+00
357,0.5100,0.8063,0.000000e+00
358,0.5100,0.8065,0.000000e+00
359,0.5100,0.8067,0.000000e+00
360,0.5100,0.8070,0.000000e+00
361,0.5100,0.8072,0.000000e+00
362,0.5100,0.8075,0.000000e+00
363,0.5100,0.8077,0.000000e+00
364,0.5100,0.8080,0.000000e+00
365,0.5100,0.8083,0.000000e+00
366,0.5100,0.8086,0.000000e+00
367,0.5100,0.8090,0.000000e+00
368,0.5100,0.8093,0.000000e+00
369,0.5100,0.8097,0.000000e+00
370,0.5100,0.8101,0.000000e+00
371,0.5100,0.8104,0.000000e+00
372,0.5100,0.8108,0.000000e+00
373,0.5100,0.8111,0.000000e+00
374,0.5100,0.8114,0.000000e+00
375,0.5100,0.8117,0.000000e+00
376,0.5100,0.8120,0.000000e+00
377,0.5100,0.8122,0.000000e+00
378,0.5100,0.8124,0.000000e+00
379,0.5100,0.8125,0.000000e+00
380,0.5100,0.8128,0.000000e+00
381,0.5100,0.8129,5.000000e-03
382,0.5200,0.8131,5.000000e-03
383,0.5200,0.8133,0.000000e+00
384,0.5200,0.8134,0.000000e+00
385,0.5200,0.8136,0.000000e+00
386,0.5200,0.8137,0.000000e+00
387,0.5200,0.8139,0.000000e+00
388,0.5200,0.8140,0.000000e+00
389,0.5200,0.8142,0.000000e+00
390,0.5200,0.8143,0.000000e+00
391,0.5200,0.8145,0.000000e+00
392,0.5200,0.8146,0.000000e+00
393,0.5200,0.8148,0.000000e+00
394,0.5200,0.8149,0.000000e+00
395,0.5200,0.8150,0.000000e+00
396,0.5200,0.8151,0.000000e+00
397,0.5200,0.8153,0.000000e+00
398,0.5200,0.8154,0.000000e+00
399,0.5200,0.8155,0.000000e+00
400,0.5200,0.8156,0.000000e+00
401,0.5200,0.8157,0.000000e+00
402,0.5200,0.8159,0.000000e+00
403,0.5200,0.8160,0.000000e+00
404,0.5200,0.8161,0.000000e+00
405,0.5200,0.8163,0.000000e+00
406,0.5200,0.8164,0.000000e+00
407,0.5200,0.8165,0.000000e+00
408,0.5200,0.8166,0.000000e+00
409,0.5200,0.8167,0.000000e+00
410,0.5200,0.8168,0.000000e+00
411,0.5200,0.8170,0.000000e+00
412,0.5200,0.8171,0.000000e+00
413,0.5200,0.8172,0.000000e+00
414,0.5200,0.8173,0.000000e+00
415,0.5200,0.8174,0.000000e+00
416,0.5200,0.8175,0.000000e+00
417,0.5200,0.8176,0.000000e+00
418,0.5200,0.8178,0.000000e+00
419,0.5200,0.8179,0.000000e+00
420,0.5200,0.8180,0.000000e+00
421,0.5200,0.8181,0.000000e+00
422,0.5200,0.8182,0.000000e+00
423,0.5200,0.8183,0.000000e+00
424,0.5200,0.8185,0.000000e+00
425,0.5200,0.8186,0.000000e+00
426,0.5200,0.8187,0.000000e+00
427,0.5200,0.8188,0.000000e+00
428,0.5200,0.8189,0.000000e+00
429,0.5200,0.8190,0.000000e+00
430,0.5200,0.8191,0.000000e+00
431,0.5200,0.8192,0.000000e+00
432,0.5200,0.8194,0.000000e+00
433,0.5200,0.8195,0.000000e+00
434,0.5200,0.8196,0.000000e+00
435,0.5200,0.8197,0.000000e+00
436,0.5200,0.8198,0.000000e+00
437,0.5200,0.8200,0.000000e+00
438,0.5200,0.8201,0.000000e+00
439,0.5200,0.8202,0.000000e+00
440,0.5200,0.8204,0.000000e+00
441,0.5200,0.8205,0.000000e+00
442,0.5200,0.8206,0.000000e+00
443,0.5200,0.8208,0.000000e+00
444,0.5200,0.8209,0.000000e+00
445,0.5200,0.8211,0.000000e+00
446,0.5200,0.8213,0.000000e+00
447,0.5200,0.8215,0.000000e+00
448,0.5200,0.8217,0.000000e+00
449,0.5200,0.8219,0.000000e+00
450,0.5200,0.8221,0.000000e+00
451,0.5200,0.8224,0.000000e+00
452,0.5200,0.8227,0.000000e+00
453,0.5200,0.8230,0.000000e+00
454,0.5200,0.8234,0.000000e+00
455,0.5200,0.8238,0.000000e+00
456,0.5200,0.8244,0.000000e+00
457,0.5200,0.8251,0.000000e+00
458,0.5200,0.8263,0.000000e+00
459,0.5200,0.8280,0.000000e+00
460,0.5200,0.8302,0.000000e+00
461,0.5200,0.8319,0.000000e+00
462,0.5200,0.8326,5.000000e-03
463,0.5300,0.8329,5.000000e-03
464,0.5300,0.8330,0.000000e+00
465,0.5300,0.8331,0.000000e+00
466,0.5300,0.8333,0.000000e+00
467,0.5300,0.8334,0.000000e+00
468,0.5300,0.8335,0.000000e+00
469,0.5300,0.8336,0.000000e+00
470,0.5300,0.8338,0.000000e+00
471,0.5300,0.8339,0.000000e+00
472,0.5300,0.8340,0.000000e+00
473,0.5300,0.8341,0.000000e+00
474,0.5300,0.8343,0.000000e+00
475,0.5300,0.8344,0.000000e+00
476,0.5300,0.8345,0.000000e+00
477,0.5300,0.8346,0.000000e+00
478,0.5300,0.8347,0.000000e+00
479,0.5300,0.8349,0.000000e+00
480,0.5300,0.8350,0.000000e+00
481,0.5300,0.8351,0.000000e+00
482,0.5300,0.8352,0.000000e+00
483,0.5300,0.8353,0.000000e+00
484,0.5300,0.8355,0.000000e+00
485,0.5300,0.8356,0.000000e+00
486,0.5300,0.8357,0.000000e+00
487,0.5300,0.8358,0.000000e+00
488,0.5300,0.8359,0.000000e+00
489,0.5300,0.8360,0.000000e+00
490,0.5300,0.8361,0.000000e+00
491,0.5300,0.8363,0.000000e+00
492,0.5300,0.8364,0.000000e+00
493,0.5300,0.8365,0.000000e+00
494,0.5300,0.8366,0.000000e+00
495,0.5300,0.8367,0.000000e+00
496,0.5300,0.8368,0.000000e+00
497,0.5300,0.8369,0.000000e+00
498,0.5300,0.8371,0.000000e+00
499,0.5300,0.8372,0.000000e+00
500,0.5300,0.8373,0.000000e+00
501,0.5300,0.8374,0.000000e+00
502,0.5300,0.8375,0.000000e+00
503,0.5300,0.8376,0.000000e+00
504,0.5300,0.8377,0.000000e+00
505,0.5300,0.8379,0.000000e+00
506,0.5300,0.8380,0.000000e+00
507,0.5300,0.8381,0.000000e+00
508,0.5300,0.8382,0.000000e+00
509,0.5300,0.8383,0.000000e+00
510,0.5300,0.8384,0.000000e+00
511,0.5300,0.8386,0.000000e+00
512,0.5300,0.8387,0.000000e+00
513,0.5300,0.8388,0.000000e+00
514,0.5300,0.8389,0.000000e+00
515,0.5300,0.8391,0.000000e+00
516,0.5300,0.8392,0.000000e+00
517,0.5300,0.8393,0.000000e+00
518,0.5300,0.8394,0.000000e+00
519,0.5300,0.8395,0.000000e+00
520,0.5300,0.8396,0.000000e+00
521,0.5300,0.8398,0.000000e+00
522,0.5300,0.8399,0.000000e+00
523,0.5300,0.8400,0.000000e+00
524,0.5300,0.8401,0.000000e+00
525,0.5300,0.8402,0.000000e+00
526,0.5300,0.8404,0.000000e+00
527,0.5300,0.8405,0.000000e+00
528,0.5300,0.8406,0.000000e+00
529,0.5300,0.8407,0.000000e+00
530,0.5300,0.8408,0.000000e+00
531,0.5300,0.8409,0.000000e+00
532,0.5300,0.8411,0.000000e+00
533,0.5300,0.8412,0.000000e+00
534,0.5300,0.8413,0.000000e+00
535,0.5300,0.8414,0.000000e+00
536,0.5300,0.8416,0.000000e+00
537,0.5300,0.8417,0.000000e+00
538,0.5300,0.8418,0.000000e+00
539,0.5300,0.8419,0.000000e+00
540,0.5300,0.8421,0.000000e+00
541,0.5300,0.8422,0.000000e+00
542,0.5300,0.8423,0.000000e+00
543,0.5300,0.8424,0.000000e+00
544,0.5300,0.8425,0.000000e+00
545,0.5300,0.8427,0.000000e+00
546,0.5300,0.8428,0.000000e+00
547,0.5300,0.8429,0.000000e+00
548,0.5300,0.8431,0.000000e+00
549,0.5300,0.8432,0.000000e+00
550,0.5300,0.8434,0.000000e+00
551,0.5300,0.8435,0.000000e+00
552,0.5300,0.8436,0.000000e+00
553,0.5300,0.8438,0.000000e+00
554,0.5300,0.8439,0.000000e+00
555,0.5300,0.8441,0.000000e+00
556,0.5300,0.8443,0.000000e+00
557,0.5300,0.8445,0.000000e+00
558,0.5300,0.8447,0.000000e+00
559,0.5300,0.8449,0.000000e+00
560,0.5300,0.8452,0.000000e+00
561,0.5300,0.8454,0.000000e+00
562,0.5300,0.8457,0.000000e+00
563,0.5300,0.8460,0.000000e+00
564,0.5300,0.8463,0.000000e+00
565,0.5300,0.8467,0.000000e+00
566,0.5300,0.8472,0.000000e+00
567,0.5300,0.8478,0.000000e+00
568,0.5300,0.8487,0.000000e+00
569,0.5300,0.8501,0.000000e+00
570,0.5300,0.8522,5.000000e-03
571,0.5400,0.8546,5.000000e-03
572,0.5400,0.8557,0.000000e+00
573,0.5400,0.8561,0.000000e+00
574,0.5400,0.8562,0.000000e+00
575,0.5400,0.8563,0.000000e+00
576,0.5400,0.8565,0.000000e+00
577,0.5400,0.8566,0.000000e+00
578,0.5400,0.8567,0.000000e+00
579,0.5400,0.8569,0.000000e+00
580,0.5400,0.8570,0.000000e+00
581,0.5400,0.8571,0.000000e+00
582,0.5400,0.8573,0.000000e+00
583,0.5400,0.8574,0.000000e+00
584,0.5400,0.8575,0.000000e+00
585,0.5400,0.8577,0.000000e+00
586,0.5400,0.8578,0.000000e+00
587,0.5400,0.8579,0.000000e+00
588,0.5400,0.8581,0.000000e+00
589,0.5400,0.8582,0.000000e+00
590,0.5400,0.8583,0.000000e+00
591,0.5400,0.8585,0.000000e+00
592,0.5400,0.8586,0.000000e+00
593,0.5400,0.8587,0.000000e+00
594,0.5400,0.8589,0.000000e+00
595,0.5400,0.8590,0.000000e+00
596,0.5400,0.8591,0.000000e+00
597,0.5400,0.8592,0.000000e+00
598,0.5400,0.8594,0.000000e+00
599,0.5400,0.8595,0.000000e+00
600,0.5400,0.8596,0.000000e+00
601,0.5400,0.8598,0.000000e+00
602,0.5400,0.8599,0.000000e+00
603,0.5400,0.8600,0.000000e+00
604,0.5400,0.8602,0.000000e+00
605,0.5400,0.8603,0.000000e+00
606,0.5400,0.8604,0.000000e+00
607,0.5400,0.8605,0.000000e+00
608,0.5400,0.8607,0.000000e+00
609,0.5400,0.8608,0.000000e+00
610,0.5400,0.8609,0.000000e+00
611,0.5400,0.8610,0.000000e+00
612,0.5400,0.8612,0.000000e+00
613,0.5400,0.8613,0.000000e+00
614,0.5400,0.8614,0.000000e+00
615,0.5400,0.8616,0.000000e+00
616,0.5400,0.8617,0.000000e+00
617,0.5400,0.8618,0.000000e+00
618,0.5400,0.8620,0.000000e+00
619,0.5400,0.8621,0.000000e+00
620,0.5400,0.8622,0.000000e+00
621,0.5400,0.8624,0.000000e+00
622,0.5400,0.8625,0.000000e+00
623,0.5400,0.8626,0.000000e+00
624,0.5400,0.8627,0.000000e+00
625,0.5400,0.8629,0.000000e+00
626,0.5400,0.8630,0.000000e+00
627,0.5400,0.8632,0.000000e+00
628,0.5400,0.8633,0.000000e+00
629,0.5400,0.8634,0.000000e+00
630,0.5400,0.8635,0.000000e+00
631,0.5400,0.8637,0.000000e+00
632,0.5400,0.8638,0.000000e+00
633,0.5400,0.8640,0.000000e+00
634,0.5400,0.8641,0.000000e+00
635,0.5400,0.8642,0.000000e+00
636,0.5400,0.8644,0.000000e+00
637,0.5400,0.8645,0.000000e+00
638,0.5400,0.8646,0.000000e+00
639,0.5400,0.8648,0.000000e+00
640,0.5400,0.8649,0.000000e+00
641,0.5400,0.8651,0.000000e+00
642,0.5400,0.8652,0.000000e+00
643,0.5400,0.8653,0.000000e+00
644,0.5400,0.8655,0.000000e+00
645,0.5400,0.8656,0.000000e+00
646,0.5400,0.8658,0.000000e+00
647,0.5400,0.8659,0.000000e+00
648,0.5400,0.8661,0.000000e+00
649,0.5400,0.8662,0.000000e+00
650,0.5400,0.8664,0.000000e+00
651,0.5400,0.8665,0.000000e+00
652,0.5400,0.8667,0.000000e+00
653,0.5400,0.8669,0.000000e+00
654,0.5400,0.8670,0.000000e+00
655,0.5400,0.8672,0.000000e+00
656,0.5400,0.8674,0.000000e+00
657,0.5400,0.8676,0.000000e+00
658,0.5400,0.8678,0.000000e+00
659,0.5400,0.8680,0.000000e+00
660,0.5400,0.8682,0.000000e+00
661,0.5400,0.8684,0.000000e+00
662,0.5400,0.8686,0.000000e+00
663,0.5400,0.8689,0.000000e+00
664,0.5400,0.8691,0.000000e+00
665,0.5400,0.8694,0.000000e+00
666,0.5400,0.8697,0.000000e+00
667,0.5400,0.8700,0.000000e+00
668,0.5400,0.8704,0.000000e+00
669,0.5400,0.8709,0.000000e+00
670,0.5400,0.8714,0.000000e+00
671,0.5400,0.8721,0.000000e+00
672,0.5400,0.8730,0.000000e+00
673,0.5400,0.8743,5.000000e-03
674,0.5500,0.8767,5.000000e-03
675,0.5500,0.8795,0.000000e+00
676,0.5500,0.8805,0.000000e+00
677,0.5500,0.8807,0.000000e+00
678,0.5500,0.8809,0.000000e+00
679,0.5500,0.8810,0.000000e+00
680,0.5500,0.8811,0.000000e+00
681,0.5500,0.8813,0.000000e+00
682,0.5500,0.8814,0.000000e+00
683,0.5500,0.8816,0.000000e+00
684,0.5500,0.8817,0.000000e+00
685,0.5500,0.8818,0.000000e+00
686,0.5500,0.8820,0.000000e+00
687,0.5500,0.8821,0.000000e+00
688,0.5500,0.8823,0.000000e+00
689,0.5500,0.8824,0.000000e+00
690,0.5500,0.8825,0.000000e+00
691,0.5500,0.8827,0.000000e+00
692,0.5500,0.8829,0.000000e+00
693,0.5500,0.8830,0.000000e+00
694,0.5500,0.8831,0.000000e+00
695,0.5500,0.8832,0.000000e+00
696,0.5500,0.8834,0.000000e+00
697,0.5500,0.8835,0.000000e+00
698,0.5500,0.8837,0.000000e+00
699,0.5500,0.8838,0.000000e+00
700,0.5500,0.8840,0.000000e+00
701,0.5500,0.8841,0.000000e+00
702,0.5500,0.8843,0.000000e+00
703,0.5500,0.8844,0.000000e+00
704,0.5500,0.8845,0.000000e+00
705,0.5500,0.8847,0.000000e+00
706,0.5500,0.8848,0.000000e+00
707,0.5500,0.8849,0.000000e+00
708,0.5500,0.8851,0.000000e+00
709,0.5500,0.8852,0.000000e+00
710,0.5500,0.8853,0.000000e+00
711,0.5500,0.8855,0.000000e+00
712,0.5500,0.8856,0.000000e+00
713,0.5500,0.8858,0.000000e+00
714,0.5500,0.8859,0.000000e+00
715,0.5500,0.8861,0.000000e+00
716,0.5500,0.8862,0.000000e+00
717,0.5500,0.8863,0.000000e+00
718,0.5500,0.8865,0.000000e+00
719,0.5500,0.8866,0.000000e+00
720,0.5500,0.8868,0.000000e+00
721,0.5500,0.8869,0.000000e+00
722,0.5500,0.8871,0.000000e+00
723,0.5500,0.8872,0.000000e+00
724,0.5500,0.8874,0.000000e+00
725,0.5500,0.8875,0.000000e+00
726,0.5500,0.8877,0.000000e+00
727,0.5500,0.8878,0.000000e+00
728,0.5500,0.8880,0.000000e+00
729,0.5500,0.8881,0.000000e+00
730,0.5500,0.8883,0.000000e+00
731,0.5500,0.8884,0.000000e+00
732,0.5500,0.8885,0.000000e+00
733,0.5500,0.8887,0.000000e+00
734,0.5500,0.8889,0.000000e+00
735,0.5500,0.8890,0.000000e+00
736,0.5500,0.8892,0.000000e+00
737,0.5500,0.8893,0.000000e+00
738,0.5500,0.8895,0.000000e+00
739,0.5500,0.8897,0.000000e+00
740,0.5500,0.8898,0.000000e+00
741,0.5500,0.8900,0.000000e+00
742,0.5500,0.8902,0.000000e+00
743,0.5500,0.8904,0.000000e+00
744,0.5500,0.8906,0.000000e+00
745,0.5500,0.8907,0.000000e+00
746,0.5500,0.8910,0.000000e+00
747,0.5500,0.8911,0.000000e+00
748,0.5500,0.8914,0.000000e+00
749,0.5500,0.8916,0.000000e+00
750,0.5500,0.8918,0.000000e+00
751,0.5500,0.8920,0.000000e+00
752,0.5500,0.8923,0.000000e+00
753,0.5500,0.8925,0.000000e+00
754,0.5500,0.8928,0.000000e+00
755,0.5500,0.8930,0.000000e+00
756,0.5500,0.8933,0.000000e+00
757,0.5500,0.8936,0.000000e+00
758,0.5500,0.8939,0.000000e+00
759,0.5500,0.8943,0.000000e+00
760,0.5500,0.8947,0.000000e+00
761,0.5500,0.8951,0.000000e+00
762,0.5500,0.8956,0.000000e+00
763,0.5500,0.8962,0.000000e+00
764,0.5500,0.8969,0.000000e+00
765,0.5500,0.8978,5.000000e-03
766,0.5600,0.8989,5.000000e-03
767,0.5600,0.9005,0.000000e+00
768,0.5600,0.9033,0.000000e+00
769,0.5600,0.9052,0.000000e+00
770,0.5600,0.9056,0.000000e+00
771,0.5600,0.9057,0.000000e+00
772,0.5600,0.9058,0.000000e+00
773,0.5600,0.9060,0.000000e+00
774,0.5600,0.9061,0.000000e+00
775,0.5600,0.9063,0.000000e+00
776,0.5600,0.9064,0.000000e+00
777,0.5600,0.9066,0.000000e+00
778,0.5600,0.9067,0.000000e+00
779,0.5600,0.9068,0.000000e+00
780,0.5600,0.9070,0.000000e+00
781,0.5600,0.9072,0.000000e+00
782,0.5600,0.9073,0.000000e+00
783,0.5600,0.9075,0.000000e+00
784,0.5600,0.9076,0.000000e+00
785,0.5600,0.9077,0.000000e+00
786,0.5600,0.9079,0.000000e+00
787,0.5600,0.9081,0.000000e+00
788,0.5600,0.9082,0.000000e+00
789,0.5600,0.9084,0.000000e+00
790,0.5600,0.9085,0.000000e+00
791,0.5600,0.9086,0.000000e+00
792,0.5600,0.9088,0.000000e+00
793,0.5600,0.9090,0.000000e+00
794,0.5600,0.9091,0.000000e+00
795,0.5600,0.9093,0.000000e+00
796,0.5600,0.9094,0.000000e+00
797,0.5600,0.9095,0.000000e+00
798,0.5600,0.9097,0.000000e+00
799,0.5600,0.9098,0.000000e+00
800,0.5600,0.9100,0.000000e+00
801,0.5600,0.9102,0.000000e+00
802,0.5600,0.9103,0.000000e+00
803,0.5600,0.9105,0.000000e+00
804,0.5600,0.9106,0.000000e+00
805,0.5600,0.9108,0.000000e+00
806,0.5600,0.9109,0.000000e+00
807,0.5600,0.9111,0.000000e+00
808,0.5600,0.9112,0.000000e+00
809,0.5600,0.9114,0.000000e+00
810,0.5600,0.9116,0.000000e+00
811,0.5600,0.9117,0.000000e+00
812,0.5600,0.9119,0.000000e+00
813,0.5600,0.9120,0.000000e+00
814,0.5600,0.9122,0.000000e+00
815,0.5600,0.9123,0.000000e+00
816,0.5600,0.9125,0.000000e+00
817,0.5600,0.9127,0.000000e+00
818,0.5600,0.9128,0.000000e+00
819,0.5600,0.9130,0.000000e+00
820,0.5600,0.9132,0.000000e+00
821,0.5600,0.9133,0.000000e+00
822,0.5600,0.9135,0.000000e+00
823,0.5600,0.9137,0.000000e+00
824,0.5600,0.9139,0.000000e+00
825,0.5600,0.9141,0.000000e+00
826,0.5600,0.9143,0.000000e+00
827,0.5600,0.9145,0.000000e+00
828,0.5600,0.9147,0.000000e+00
829,0.5600,0.9149,0.000000e+00
830,0.5600,0.9152,0.000000e+00
831,0.5600,0.9154,0.000000e+00
832,0.5600,0.9156,0.000000e+00
833,0.5600,0.9159,0.000000e+00
834,0.5600,0.9161,0.000000e+00
835,0.5600,0.9164,0.000000e+00
836,0.5600,0.9167,0.000000e+00
837,0.5600,0.9170,0.000000e+00
838,0.5600,0.9173,0.000000e+00
839,0.5600,0.9176,0.000000e+00
840,0.5600,0.9180,0.000000e+00
841,0.5600,0.9184,0.000000e+00
842,0.5600,0.9188,0.000000e+00
843,0.5600,0.9192,5.000000e-03
844,0.5700,0.9197,5.000000e-03
845,0.5700,0.9203,0.000000e+00
846,0.5700,0.9209,0.000000e+00
847,0.5700,0.9217,0.000000e+00
848,0.5700,0.9224,0.000000e+00
849,0.5700,0.9233,0.000000e+00
850,0.5700,0.9243,0.000000e+00
851,0.5700,0.9254,0.000000e+00
852,0.5700,0.9267,0.000000e+00
853,0.5700,0.9289,0.000000e+00
854,0.5700,0.9305,0.000000e+00
855,0.5700,0.9307,0.000000e+00
856,0.5700,0.9308,0.000000e+00
857,0.5700,0.9309,0.000000e+00
858,0.5700,0.9310,0.000000e+00
859,0.5700,0.9311,0.000000e+00
860,0.5700,0.9313,0.000000e+00
861,0.5700,0.9314,0.000000e+00
862,0.5700,0.9316,0.000000e+00
863,0.5700,0.9318,0.000000e+00
864,0.5700,0.9319,0.000000e+00
865,0.5700,0.9321,0.000000e+00
866,0.5700,0.9323,0.000000e+00
867,0.5700,0.9324,0.000000e+00
868,0.5700,0.9325,0.000000e+00
869,0.5700,0.9327,0.000000e+00
870,0.5700,0.9329,0.000000e+00
871,0.5700,0.9330,0.000000e+00
872,0.5700,0.9332,0.000000e+00
873,0.5700,0.9334,0.000000e+00
874,0.5700,0.9335,0.000000e+00
875,0.5700,0.9337,0.000000e+00
876,0.5700,0.9338,0.000000e+00
877,0.5700,0.9340,0.000000e+00
878,0.5700,0.9342,0.000000e+00
879,0.5700,0.9343,0.000000e+00
880,0.5700,0.9345,0.000000e+00
881,0.5700,0.9346,0.000000e+00
882,0.5700,0.9348,0.000000e+00
883,0.5700,0.9350,0.000000e+00
884,0.5700,0.9351,0.000000e+00
885,0.5700,0.9353,0.000000e+00
886,0.5700,0.9355,0.000000e+00
887,0.5700,0.9356,0.000000e+00
888,0.5700,0.9358,0.000000e+00
889,0.5700,0.9359,0.000000e+00
890,0.5700,0.9361,0.000000e+00
891,0.5700,0.9363,0.000000e+00
892,0.5700,0.9365,0.000000e+00
893,0.5700,0.9366,0.000000e+00
894,0.5700,0.9368,0.000000e+00
895,0.5700,0.9370,0.000000e+00
896,0.5700,0.9371,0.000000e+00
897,0.5700,0.9373,0.000000e+00
898,0.5700,0.9375,0.000000e+00
899,0.5700,0.9377,0.000000e+00
900,0.5700,0.9379,0.000000e+00
901,0.5700,0.9381,0.000000e+00
902,0.5700,0.9383,0.000000e+00
903,0.5700,0.9385,0.000000e+00
904,0.5700,0.9387,0.000000e+00
905,0.5700,0.9390,0.000000e+00
906,0.5700,0.9392,0.000000e+00
907,0.5700,0.9394,0.000000e+00
908,0.5700,0.9397,0.000000e+00
909,0.5700,0.9399,0.000000e+00
910,0.5700,0.9402,0.000000e+00
911,0.5700,0.9405,0.000000e+00
912,0.5700,0.9408,5.000000e-03
913,0.5800,0.9411,5.000000e-03
914,0.5800,0.9415,0.000000e+00
915,0.5800,0.9418,0.000000e+00
916,0.5800,0.9422,0.000000e+00
917,0.5800,0.9427,0.000000e+00
918,0.5800,0.9431,0.000000e+00
919,0.5800,0.9437,0.000000e+00
920,0.5800,0.9443,0.000000e+00
921,0.5800,0.9450,0.000000e+00
922,0.5800,0.9457,0.000000e+00
923,0.5800,0.9466,0.000000e+00
924,0.5800,0.9474,0.000000e+00
925,0.5800,0.9483,0.000000e+00
926,0.5800,0.9491,0.000000e+00
927,0.5800,0.9499,0.000000e+00
928,0.5800,0.9506,0.000000e+00
929,0.5800,0.9512,0.000000e+00
930,0.5800,0.9518,0.000000e+00
931,0.5800,0.9525,0.000000e+00
932,0.5800,0.9536,0.000000e+00
933,0.5800,0.9554,0.000000e+00
934,0.5800,0.9562,0.000000e+00
935,0.5800,0.9563,0.000000e+00
936,0.5800,0.9564,0.000000e+00
937,0.5800,0.9566,0.000000e+00
938,0.5800,0.9567,0.000000e+00
939,0.5800,0.9568,0.000000e+00
940,0.5800,0.9569,0.000000e+00
941,0.5800,0.9570,0.000000e+00
942,0.5800,0.9571,0.000000e+00
943,0.5800,0.9573,0.000000e+00
944,0.5800,0.9575,0.000000e+00
945,0.5800,0.9576,0.000000e+00
946,0.5800,0.9578,0.000000e+00
947,0.5800,0.9580,0.000000e+00
948,0.5800,0.9581,0.000000e+00
949,0.5800,0.9583,0.000000e+00
950,0.5800,0.9585,0.000000e+00
951,0.5800,0.9587,0.000000e+00
952,0.5800,0.9588,0.000000e+00
953,0.5800,0.9590,0.000000e+00
954,0.5800,0.9591,0.000000e+00
955,0.5800,0.9593,0.000000e+00
956,0.5800,0.9595,0.000000e+00
957,0.5800,0.9597,0.000000e+00
958,0.5800,0.9598,0.000000e+00
959,0.5800,0.9600,0.000000e+00
960,0.5800,0.9602,0.000000e+00
961,0.5800,0.9604,0.000000e+00
962,0.5800,0.9605,0.000000e+00
963,0.5800,0.9607,0.000000e+00
964,0.5800,0.9609,0.000000e+00
965,0.5800,0.9611,0.000000e+00
966,0.5800,0.9613,0.000000e+00
967,0.5800,0.9614,0.000000e+00
968,0.5800,0.9616,0.000000e+00
969,0.5800,0.9618,0.000000e+00
970,0.5800,0.9620,0.000000e+00
971,0.5800,0.9622,0.000000e+00
972,0.5800,0.9624,0.000000e+00
973,0.5800,0.9626,0.000000e+00
974,0.5800,0.9628,0.000000e+00
975,0.5800,0.9630,0.000000e+00
976,0.5800,0.9632,5.000000e-03
977,0.5900,0.9635,5.000000e-03
978,0.5900,0.9638,0.000000e+00
979,0.5900,0.9640,0.000000e+00
980,0.5900,0.9643,0.000000e+00
981,0.5900,0.9645,0.000000e+00
982,0.5900,0.9648,0.000000e+00
983,0.5900,0.9651,0.000000e+00
984,0.5900,0.9655,0.000000e+00
985,0.5900,0.9658,0.000000e+00
986,0.5900,0.9662,0.000000e+00
987,0.5900,0.9666,0.000000e+00
988,0.5900,0.9671,0.000000e+00
989,0.5900,0.9676,0.000000e+00
990,0.5900,0.9682,0.000000e+00
991,0.5900,0.9689,0.000000e+00
992,0.5900,0.9697,0.000000e+00
993,0.5900,0.9706,0.000000e+00
994,0.5900,0.9716,0.000000e+00
995,0.5900,0.9727,0.000000e+00
996,0.5900,0.9737,0.000000e+00
997,0.5900,0.9745,0.000000e+00
998,0.5900,0.9752,0.000000e+00
999,0.5900,0.9757,0.000000e+00
1000,0.5900,0.9761,0.000000e+00
1001,0.5900,0.9765,0.000000e+00
1002,0.5900,0.9767,0.000000e+00
1003,0.5900,0.9770,0.000000e+00
1004,0.5900,0.9773,0.000000e+00
1005,0.5900,0.9775,0.000000e+00
1006,0.5900,0.9778,0.000000e+00
1007,0.5900,0.9781,0.000000e+00
1008,0.5900,0.9785,0.000000e+00
1009,0.5900,0.9788,0.000000e+00
1010,0.5900,0.9791,0.000000e+00
1011,0.5900,0.9796,0.000000e+00
1012,0.5900,0.9802,0.000000e+00
1013,0.5900,0.9813,0.000000e+00
1014,0.5900,0.9828,0.000000e+00
1015,0.5900,0.9833,0.000000e+00
1016,0.5900,0.9834,0.000000e+00
1017,0.5900,0.9835,0.000000e+00
1018,0.5900,0.9836,0.000000e+00
1019,0.5900,0.9838,0.000000e+00
1020,0.5900,0.9839,0.000000e+00
1021,0.5900,0.9840,0.000000e+00
1022,0.5900,0.9842,0.000000e+00
1023,0.5900,0.9843,0.000000e+00
1024,0.5900,0.9844,0.000000e+00
1025,0.5900,0.9846,0.000000e+00
1026,0.5900,0.9847,0.000000e+00
1027,0.5900,0.9848,0.000000e+00
1028,0.5900,0.9850,0.000000e+00
1029,0.5900,0.9852,0.000000e+00
1030,0.5900,0.9854,0.000000e+00
1031,0.5900,0.9856,0.000000e+00
1032,0.5900,0.9858,0.000000e+00
1033,0.5900,0.9859,0.000000e+00
1034,0.5900,0.9861,0.000000e+00
1035,0.5900,0.9863,5.000000e-03
1036,0.6000,0.9865,5.000000e-03
1037,0.6000,0.9867,0.000000e+00
1038,0.6000,0.9869,0.000000e+00
1039,0.6000,0.9871,0.000000e+00
1040,0.6000,0.9873,0.000000e+00
1041,0.6000,0.9875,0.000000e+00
1042,0.6000,0.9877,0.000000e+00
1043,0.6000,0.9880,0.000000e+00
1044,0.6000,0.9882,0.000000e+00
1045,0.6000,0.9884,0.000000e+00
1046,0.6000,0.9887,0.000000e+00
1047,0.6000,0.9890,0.000000e+00
1048,0.6000,0.9893,0.000000e+00
1049,0.6000,0.9896,0.000000e+00
1050,0.6000,0.9899,0.000000e+00
1051,0.6000,0.9902,0.000000e+00
1052,0.6000,0.9906,0.000000e+00
1053,0.6000,0.9909,0.000000e+00
1054,0.6000,0.9914,0.000000e+00
1055,0.6000,0.9918,0.000000e+00
1056,0.6000,0.9924,0.000000e+00
1057,0.6000,0.9930,0.000000e+00
1058,0.6000,0.9938,0.000000e+00
1059,0.6000,0.9947,0.000000e+00
1060,0.6000,0.9958,0.000000e+00
1061,0.6000,0.9970,0.000000e+00
1062,0.6000,0.9984,0.000000e+00
1063,0.6000,0.9996,0.000000e+00
1064,0.6000,1.0007,0.000000e+00
1065,0.6000,1.0019,0.000000e+00
1066,0.6000,1.0037,0.000000e+00
1067,0.6000,1.0051,0.000000e+00
1068,0.6000,1.0054,0.000000e+00
1069,0.6000,1.0056,0.000000e+00
1070,0.6000,1.0059,0.000000e+00
1071,0.6000,1.0061,0.000000e+00
1072,0.6000,1.0063,0.000000e+00
1073,0.6000,1.0066,0.000000e+00
1074,0.6000,1.0068,0.000000e+00
1075,0.6000,1.0071,0.000000e+00
1076,0.6000,1.0072,0.000000e+00
1077,0.6000,1.0075,0.000000e+00
1078,0.6000,1.0078,0.000000e+00
1079,0.6000,1.0079,0.000000e+00
1080,0.6000,1.0082,0.000000e+00
1081,0.6000,1.0084,0.000000e+00
1082,0.6000,1.0086,0.000000e+00
1083,0.6000,1.0089,5.000000e-03
1084,0.6100,1.0091,5.000000e-03
1085,0.6100,1.0093,0.000000e+00
1086,0.6100,1.0096,0.000000e+00
1087,0.6100,1.0098,0.000000e+00
1088,0.6100,1.0100,0.000000e+00
1089,0.6100,1.0104,0.000000e+00
1090,0.6100,1.0107,0.000000e+00
1091,0.6100,1.0110,0.000000e+00
1092,0.6100,1.0114,0.000000e+00
1093,0.6100,1.0119,0.000000e+00
1094,0.6100,1.0128,0.000000e+00
1095,0.6100,1.0144,0.000000e+00
1096,0.6100,1.0150,0.000000e+00
1097,0.6100,1.0153,0.000000e+00
1098,0.6100,1.0154,0.000000e+00
1099,0.6100,1.0156,0.000000e+00
1100,0.6100,1.0158,0.000000e+00
1101,0.6100,1.0160,0.000000e+00
1102,0.6100,1.0162,0.000000e+00
1103,0.6100,1.0163,0.000000e+00
1104,0.6100,1.0165,0.000000e+00
1105,0.6100,1.0168,0.000000e+00
1106,0.6100,1.0170,0.000000e+00
1107,0.6100,1.0172,0.000000e+00
1108,0.6100,1.0175,0.000000e+00
1109,0.6100,1.0177,0.000000e+00
1110,0.6100,1.0180,0.000000e+00
1111,0.6100,1.0183,0.000000e+00
1112,0.6100,1.0186,0.000000e+00
1113,0.6100,1.0190,0.000000e+00
1114,0.6100,1.0193,0.000000e+00
1115,0.6100,1.0197,0.000000e+00
1116,0.6100,1.0202,0.000000e+00
1117,0.6100,1.0207,0.000000e+00
1118,0.6100,1.0214,0.000000e+00
1119,0.6100,1.0221,0.000000e+00
1120,0.6100,1.0231,0.000000e+00
1121,0.6100,1.0242,0.000000e+00
1122,0.6100,1.0256,0.000000e+00
1123,0.6100,1.0271,0.000000e+00
1124,0.6100,1.0285,0.000000e+00
1125,0.6100,1.0294,0.000000e+00
1126,0.6100,1.0301,0.000000e+00
1127,0.6100,1.0305,0.000000e+00
1128,0.6100,1.0308,0.000000e+00
1129,0.6100,1.0310,0.000000e+00
1130,0.6100,1.0312,0.000000e+00
1131,0.6100,1.0315,0.000000e+00
1132,0.6100,1.0317,0.000000e+00
1133,0.6100,1.0319,0.000000e+00
1134,0.6100,1.0322,0.000000e+00
1135,0.6100,1.0324,0.000000e+00
1136,0.6100,1.0326,0.000000e+00
1137,0.6100,1.0328,5.000000e-03
1138,0.6200,1.0331,5.000000e-03
1139,0.6200,1.0333,0.000000e+00
1140,0.6200,1.0335,0.000000e+00
1141,0.6200,1.0337,0.000000e+00
1142,0.6200,1.0340,0.000000e+00
1143,0.6200,1.0342,0.000000e+00
1144,0.6200,1.0344,0.000000e+00
1145,0.6200,1.0346,0.000000e+00
1146,0.6200,1.0348,0.000000e+00
1147,0.6200,1.0350,0.000000e+00
1148,0.6200,1.0353,0.000000e+00
1149,0.6200,1.0354,0.000000e+00
1150,0.6200,1.0357,0.000000e+00
1151,0.6200,1.0359,0.000000e+00
1152,0.6200,1.0361,0.000000e+00
1153,0.6200,1.0363,0.000000e+00
1154,0.6200,1.0366,0.000000e+00
1155,0.6200,1.0368,0.000000e+00
1156,0.6200,1.0370,0.000000e+00
1157,0.6200,1.0372,0.000000e+00
1158,0.6200,1.0374,0.000000e+00
1159,0.6200,1.0377,0.000000e+00
1160,0.6200,1.0379,0.000000e+00
1161,0.6200,1.0381,0.000000e+00
1162,0.6200,1.0383,0.000000e+00
1163,0.6200,1.0386,0.000000e+00
1164,0.6200,1.0388,0.000000e+00
1165,0.6200,1.0391,0.000000e+00
1166,0.6200,1.0393,0.000000e+00
1167,0.6200,1.0396,0.000000e+00
1168,0.6200,1.0398,0.000000e+00
1169,0.6200,1.0402,0.000000e+00
1170,0.6200,1.0405,0.000000e+00
1171,0.6200,1.0408,0.000000e+00
1172,0.6200,1.0413,0.000000e+00
1173,0.6200,1.0418,0.000000e+00
1174,0.6200,1.0425,0.000000e+00
1175,0.6200,1.0441,0.000000e+00
1176,0.6200,1.0456,0.000000e+00
1177,0.6200,1.0465,0.000000e+00
1178,0.6200,1.0473,0.000000e+00
1179,0.6200,1.0483,0.000000e+00
1180,0.6200,1.0496,0.000000e+00
1181,0.6200,1.0512,0.000000e+00
1182,0.6200,1.0531,0.000000e+00
1183,0.6200,1.0549,0.000000e+00
1184,0.6200,1.0560,0.000000e+00
1185,0.6200,1.0567,0.000000e+00
1186,0.6200,1.0571,5.000000e-03
1187,0.6300,1.0573,5.000000e-03
1188,0.6300,1.0575,0.000000e+00
1189,0.6300,1.0578,0.000000e+00
1190,0.6300,1.0580,0.000000e+00
1191,0.6300,1.0582,0.000000e+00
1192,0.6300,1.0584,0.000000e+00
1193,0.6300,1.0587,0.000000e+00
1194,0.6300,1.0589,0.000000e+00
1195,0.6300,1.0591,0.000000e+00
1196,0.6300,1.0593,0.000000e+00
1197,0.6300,1.0596,0.000000e+00
1198,0.6300,1.0597,0.000000e+00
1199,0.6300,1.0600,0.000000e+00
1200,0.6300,1.0602,0.000000e+00
1201,0.6300,1.0604,0.000000e+00
1202,0.6300,1.0606,0.000000e+00
1203,0.6300,1.0609,0.000000e+00
1204,0.6300,1.0610,0.000000e+00
1205,0.6300,1.0613,0.000000e+00
1206,0.6300,1.0615,0.000000e+00
1207,0.6300,1.0617,0.000000e+00
1208,0.6300,1.0619,0.000000e+00
1209,0.6300,1.0622,0.000000e+00
1210,0.6300,1.0623,0.000000e+00
1211,0.6300,1.0626,0.000000e+00
1212,0.6300,1.0628,0.000000e+00
1213,0.6300,1.0630,0.000000e+00
1214,0.6300,1.0632,0.000000e+00
1215,0.6300,1.0635,0.000000e+00
1216,0.6300,1.0636,0.000000e+00
1217,0.6300,1.0639,0.000000e+00
1218,0.6300,1.0641,0.000000e+00
1219,0.6300,1.0643,0.000000e+00
1220,0.6300,1.0645,0.000000e+00
1221,0.6300,1.0648,0.000000e+00
1222,0.6300,1.0650,0.000000e+00
1223,0.6300,1.0652,0.000000e+00
1224,0.6300,1.0654,0.000000e+00
1225,0.6300,1.0657,0.000000e+00
1226,0.6300,1.0659,0.000000e+00
1227,0.6300,1.0661,0.000000e+00
1228,0.6300,1.0664,0.000000e+00
1229,0.6300,1.0666,0.000000e+00
1230,0.6300,1.0670,0.000000e+00
1231,0.6300,1.0672,0.000000e+00
1232,0.6300,1.0675,0.000000e+00
1233,0.6300,1.0679,0.000000e+00
1234,0.6300,1.0682,0.000000e+00
1235,0.6300,1.0686,0.000000e+00
1236,0.6300,1.0690,0.000000e+00
1237,0.6300,1.0694,0.000000e+00
1238,0.6300,1.0699,0.000000e+00
1239,0.6300,1.0705,0.000000e+00
1240,0.6300,1.0712,0.000000e+00
1241,0.6300,1.0722,0.000000e+00
1242,0.6300,1.0735,0.000000e+00
1243,0.6300,1.0755,0.000000e+00
1244,0.6300,1.0789,5.000000e-03
1245,0.6400,1.0828,5.000000e-03
1246,0.6400,1.0844,0.000000e+00
1247,0.6400,1.0851,0.000000e+00
1248,0.6400,1.0855,0.000000e+00
1249,0.6400,1.0856,0.000000e+00
1250,0.6400,1.0858,0.000000e+00
1251,0.6400,1.0861,0.000000e+00
1252,0.6400,1.0863,0.000000e+00
1253,0.6400,1.0865,0.000000e+00
1254,0.6400,1.0867,0.000000e+00
1255,0.6400,1.0870,0.000000e+00
1256,0.6400,1.0871,0.000000e+00
1257,0.6400,1.0874,0.000000e+00
1258,0.6400,1.0876,0.000000e+00
1259,0.6400,1.0878,0.000000e+00
1260,0.6400,1.0880,0.000000e+00
1261,0.6400,1.0883,0.000000e+00
1262,0.6400,1.0884,0.000000e+00
1263,0.6400,1.0887,0.000000e+00
1264,0.6400,1.0889,0.000000e+00
1265,0.6400,1.0891,0.000000e+00
1266,0.6400,1.0893,0.000000e+00
1267,0.6400,1.0896,0.000000e+00
1268,0.6400,1.0897,0.000000e+00
1269,0.6400,1.0900,0.000000e+00
1270,0.6400,1.0902,0.000000e+00
1271,0.6400,1.0904,0.000000e+00
1272,0.6400,1.0906,0.000000e+00
1273,0.6400,1.0909,0.000000e+00
1274,0.6400,1.0911,0.000000e+00
1275,0.6400,1.0913,0.000000e+00
1276,0.6400,1.0915,0.000000e+00
1277,0.6400,1.0918,0.000000e+00
1278,0.6400,1.0919,0.000000e+00
1279,0.6400,1.0922,0.000000e+00
1280,0.6400,1.0924,0.000000e+00
1281,0.6400,1.0927,0.000000e+00
1282,0.6400,1.0929,0.000000e+00
1283,0.6400,1.0931,0.000000e+00
1284,0.6400,1.0934,0.000000e+00
1285,0.6400,1.0936,0.000000e+00
1286,0.6400,1.0939,0.000000e+00
1287,0.6400,1.0942,0.000000e+00
1288,0.6400,1.0944,0.000000e+00
1289,0.6400,1.0947,0.000000e+00
1290,0.6400,1.0951,0.000000e+00
1291,0.6400,1.0954,0.000000e+00
1292,0.6400,1.0958,0.000000e+00
1293,0.6400,1.0961,0.000000e+00
1294,0.6400,1.0966,0.000000e+00
1295,0.6400,1.0971,0.000000e+00
1296,0.6400,1.0976,0.000000e+00
1297,0.6400,1.0983,0.000000e+00
1298,0.6400,1.0993,0.000000e+00
1299,0.6400,1.1006,0.000000e+00
1300,0.6400,1.1026,0.000000e+00
1301,0.6400,1.1057,5.000000e-03
1302,0.6500,1.1088,5.000000e-03
1303,0.6500,1.1106,0.000000e+00
1304,0.6500,1.1118,0.000000e+00
1305,0.6500,1.1131,0.000000e+00
1306,0.6500,1.1135,0.000000e+00
1307,0.6500,1.1137,0.000000e+00
1308,0.6500,1.1139,0.000000e+00
1309,0.6500,1.1142,0.000000e+00
1310,0.6500,1.1144,0.000000e+00
1311,0.6500,1.1146,0.000000e+00
1312,0.6500,1.1148,0.000000e+00
1313,0.6500,1.1151,0.000000e+00
1314,0.6500,1.1152,0.000000e+00
1315,0.6500,1.1155,0.000000e+00
1316,0.6500,1.1157,0.000000e+00
1317,0.6500,1.1159,0.000000e+00
1318,0.6500,1.1161,0.000000e+00
1319,0.6500,1.1164,0.000000e+00
1320,0.6500,1.1166,0.000000e+00
1321,0.6500,1.1168,0.000000e+00
1322,0.6500,1.1170,0.000000e+00
1323,0.6500,1.1173,0.000000e+00
1324,0.6500,1.1175,0.000000e+00
1325,0.6500,1.1177,0.000000e+00
1326,0.6500,1.1179,0.000000e+00
1327,0.6500,1.1182,0.000000e+00
1328,0.6500,1.1184,0.000000e+00
1329,0.6500,1.1186,0.000000e+00
1330,0.6500,1.1189,0.000000e+00
1331,0.6500,1.1191,0.000000e+00
1332,0.6500,1.1193,0.000000e+00
1333,0.6500,1.1196,0.000000e+00
1334,0.6500,1.1198,0.000000e+00
1335,0.6500,1.1200,0.000000e+00
1336,0.6500,1.1202,0.000000e+00
1337,0.6500,1.1205,0.000000e+00
1338,0.6500,1.1207,0.000000e+00
1339,0.6500,1.1210,0.000000e+00
1340,0.6500,1.1212,0.000000e+00
1341,0.6500,1.1215,0.000000e+00
1342,0.6500,1.1218,0.000000e+00
1343,0.6500,1.1221,0.000000e+00
1344,0.6500,1.1224,0.000000e+00
1345,0.6500,1.1227,0.000000e+00
1346,0.6500,1.1231,0.000000e+00
1347,0.6500,1.1234,0.000000e+00
1348,0.6500,1.1238,0.000000e+00
1349,0.6500,1.1242,0.000000e+00
1350,0.6500,1.1247,0.000000e+00
1351,0.6500,1.1253,0.000000e+00
1352,0.6500,1.1259,0.000000e+00
1353,0.6500,1.1268,0.000000e+00
1354,0.6500,1.1279,0.000000e+00
1355,0.6500,1.1298,5.000000e-03
1356,0.6600,1.1329,5.000000e-03
1357,0.6600,1.1366,0.000000e+00
1358,0.6600,1.1385,0.000000e+00
1359,0.6600,1.1392,0.000000e+00
1360,0.6600,1.1396,0.000000e+00
1361,0.6600,1.1398,0.000000e+00
1362,0.6600,1.1400,0.000000e+00
1363,0.6600,1.1403,0.000000e+00
1364,0.6600,1.1405,0.000000e+00
1365,0.6600,1.1408,0.000000e+00
1366,0.6600,1.1410,0.000000e+00
1367,0.6600,1.1412,0.000000e+00
1368,0.6600,1.1414,0.000000e+00
1369,0.6600,1.1417,0.000000e+00
1370,0.6600,1.1419,0.000000e+00
1371,0.6600,1.1422,0.000000e+00
1372,0.6600,1.1424,0.000000e+00
1373,0.6600,1.1426,0.000000e+00
1374,0.6600,1.1428,0.000000e+00
1375,0.6600,1.1431,0.000000e+00
1376,0.6600,1.1434,0.000000e+00
1377,0.6600,1.1436,0.000000e+00
1378,0.6600,1.1438,0.000000e+00
1379,0.6600,1.1441,0.000000e+00
1380,0.6600,1.1443,0.000000e+00
1381,0.6600,1.1446,0.000000e+00
1382,0.6600,1.1448,0.000000e+00
1383,0.6600,1.1450,0.000000e+00
1384,0.6600,1.1453,0.000000e+00
1385,0.6600,1.1456,0.000000e+00
1386,0.6600,1.1458,0.000000e+00
1387,0.6600,1.1460,0.000000e+00
1388,0.6600,1.1463,0.000000e+00
1389,0.6600,1.1466,0.000000e+00
1390,0.6600,1.1468,0.000000e+00
1391,0.6600,1.1471,0.000000e+00
1392,0.6600,1.1473,0.000000e+00
1393,0.6600,1.1476,0.000000e+00
1394,0.6600,1.1479,0.000000e+00
1395,0.6600,1.1482,0.000000e+00
1396,0.6600,1.1485,0.000000e+00
1397,0.6600,1.1488,0.000000e+00
1398,0.6600,1.1492,0.000000e+00
1399,0.6600,1.1496,0.000000e+00
1400,0.6600,1.1499,0.000000e+00
1401,0.6600,1.1503,0.000000e+00
1402,0.6600,1.1508,0.000000e+00
1403,0.6600,1.1513,0.000000e+00
1404,0.6600,1.1518,0.000000e+00
1405,0.6600,1.1525,0.000000e+00
1406,0.6600,1.1532,0.000000e+00
1407,0.6600,1.1543,0.000000e+00
1408,0.6600,1.1557,0.000000e+00
1409,0.6600,1.1581,5.000000e-03
1410,0.6700,1.1624,5.000000e-03
1411,0.6700,1.1667,0.000000e+00
1412,0.6700,1.1681,0.000000e+00
1413,0.6700,1.1686,0.000000e+00
1414,0.6700,1.1689,0.000000e+00
1415,0.6700,1.1691,0.000000e+00
1416,0.6700,1.1694,0.000000e+00
1417,0.6700,1.1696,0.000000e+00
1418,0.6700,1.1699,0.000000e+00
1419,0.6700,1.1701,0.000000e+00
1420,0.6700,1.1703,0.000000e+00
1421,0.6700,1.1706,0.000000e+00
1422,0.6700,1.1708,0.000000e+00
1423,0.6700,1.1711,0.000000e+00
1424,0.6700,1.1713,0.000000e+00
1425,0.6700,1.1715,0.000000e+00
1426,0.6700,1.1718,0.000000e+00
1427,0.6700,1.1721,0.000000e+00
1428,0.6700,1.1723,0.000000e+00
1429,0.6700,1.1725,0.000000e+00
1430,0.6700,1.1728,0.000000e+00
1431,0.6700,1.1731,0.000000e+00
1432,0.6700,1.1733,0.000000e+00
1433,0.6700,1.1736,0.000000e+00
1434,0.6700,1.1738,0.000000e+00
1435,0.6700,1.1741,0.000000e+00
1436,0.6700,1.1743,0.000000e+00
1437,0.6700,1.1746,0.000000e+00
1438,0.6700,1.1749,0.000000e+00
1439,0.6700,1.1751,0.000000e+00
1440,0.6700,1.1754,0.000000e+00
1441,0.6700,1.1757,0.000000e+00
1442,0.6700,1.1760,0.000000e+00
1443,0.6700,1.1763,0.000000e+00
1444,0.6700,1.1766,0.000000e+00
1445,0.6700,1.1770,0.000000e+00
1446,0.6700,1.1773,0.000000e+00
1447,0.6700,1.1777,0.000000e+00
1448,0.6700,1.1781,0.000000e+00
1449,0.6700,1.1784,0.000000e+00
1450,0.6700,1.1789,0.000000e+00
1451,0.6700,1.1793,0.000000e+00
1452,0.6700,1.1798,0.000000e+00
1453,0.6700,1.1804,0.000000e+00
1454,0.6700,1.1810,0.000000e+00
1455,0.6700,1.1818,5.000000e-03
1456,0.6800,1.1828,5.000000e-03
1457,0.6800,1.1840,0.000000e+00
1458,0.6800,1.1859,0.000000e+00
1459,0.6800,1.1888,0.000000e+00
1460,0.6800,1.1933,0.000000e+00
1461,0.6800,1.1955,0.000000e+00
1462,0.6800,1.1962,0.000000e+00
1463,0.6800,1.1966,0.000000e+00
1464,0.6800,1.1968,0.000000e+00
1465,0.6800,1.1970,0.000000e+00
1466,0.6800,1.1973,0.000000e+00
1467,0.6800,1.1976,0.000000e+00
1468,0.6800,1.1978,0.000000e+00
1469,0.6800,1.1981,0.000000e+00
1470,0.6800,1.1983,0.000000e+00
1471,0.6800,1.1985,0.000000e+00
1472,0.6800,1.1988,0.000000e+00
1473,0.6800,1.1991,0.000000e+00
1474,0.6800,1.1994,0.000000e+00
1475,0.6800,1.1996,0.000000e+00
1476,0.6800,1.1999,0.000000e+00
1477,0.6800,1.2001,0.000000e+00
1478,0.6800,1.2004,0.000000e+00
1479,0.6800,1.2007,0.000000e+00
1480,0.6800,1.2009,0.000000e+00
1481,0.6800,1.2012,0.000000e+00
1482,0.6800,1.2015,0.000000e+00
1483,0.6800,1.2017,0.000000e+00
1484,0.6800,1.2020,0.000000e+00
1485,0.6800,1.2023,0.000000e+00
1486,0.6800,1.2026,0.000000e+00
1487,0.6800,1.2029,0.000000e+00
1488,0.6800,1.2033,0.000000e+00
1489,0.6800,1.2036,0.000000e+00
1490,0.6800,1.2040,5.000000e-03
1491,0.6900,1.2043,5.000000e-03
1492,0.6900,1.2047,0.000000e+00
1493,0.6900,1.2051,0.000000e+00
1494,0.6900,1.2055,0.000000e+00
1495,0.6900,1.2060,0.000000e+00
1496,0.6900,1.2065,0.000000e+00
1497,0.6900,1.2070,0.000000e+00
1498,0.6900,1.2076,0.000000e+00
1499,0.6900,1.2084,0.000000e+00
1500,0.6900,1.2092,0.000000e+00
1501,0.6900,1.2103,0.000000e+00
1502,0.6900,1.2116,0.000000e+00
1503,0.6900,1.2133,0.000000e+00
1504,0.6900,1.2156,0.000000e+00
1505,0.6900,1.2185,0.000000e+00
1506,0.6900,1.2226,0.000000e+00
1507,0.6900,1.2243,0.000000e+00
1508,0.6900,1.2249,0.000000e+00
1509,0.6900,1.2254,0.000000e+00
1510,0.6900,1.2258,0.000000e+00
1511,0.6900,1.2261,0.000000e+00
1512,0.6900,1.2263,0.000000e+00
1513,0.6900,1.2266,0.000000e+00
1514,0.6900,1.2269,0.000000e+00
1515,0.6900,1.2271,0.000000e+00
1516,0.6900,1.2274,5.000000e-03
1517,0.7000,1.2277,5.000000e-03
1518,0.7000,1.2280,0.000000e+00
1519,0.7000,1.2283,0.000000e+00
1520,0.7000,1.2285,0.000000e+00
1521,0.7000,1.2288,0.000000e+00
1522,0.7000,1.2291,0.000000e+00
1523,0.7000,1.2293,0.000000e+00
1524,0.7000,1.2296,0.000000e+00
1525,0.7000,1.2299,0.000000e+00
1526,0.7000,1.2302,0.000000e+00
1527,0.7000,1.2305,0.000000e+00
1528,0.7000,1.2308,0.000000e+00
1529,0.7000,1.2311,0.000000e+00
1530,0.7000,1.2314,0.000000e+00
1531,0.7000,1.2318,0.000000e+00
1532,0.7000,1.2321,0.000000e+00
1533,0.7000,1.2325,0.000000e+00
1534,0.7000,1.2329,0.000000e+00
1535,0.7000,1.2333,0.000000e+00
1536,0.7000,1.2337,0.000000e+00
1537,0.7000,1.2341,0.000000e+00
1538,0.7000,1.2346,0.000000e+00
1539,0.7000,1.2352,0.000000e+00
1540,0.7000,1.2358,0.000000e+00
1541,0.7000,1.2366,0.000000e+00
1542,0.7000,1.2374,0.000000e+00
1543,0.7000,1.2385,0.000000e+00
1544,0.7000,1.2400,0.000000e+00
1545,0.7000,1.2418,0.000000e+00
1546,0.7000,1.2441,0.000000e+00
1547,0.7000,1.2465,5.000000e-03
1548,0.7100,1.2487,5.000000e-03
1549,0.7100,1.2513,0.000000e+00
1550,0.7100,1.2535,0.000000e+00
1551,0.7100,1.2540,0.000000e+00
1552,0.7100,1.2542,0.000000e+00
1553,0.7100,1.2544,0.000000e+00
1554,0.7100,1.2546,0.000000e+00
1555,0.7100,1.2548,0.000000e+00
1556,0.7100,1.2551,0.000000e+00
1557,0.7100,1.2553,0.000000e+00
1558,0.7100,1.2556,0.000000e+00
1559,0.7100,1.2559,0.000000e+00
1560,0.7100,1.2562,0.000000e+00
1561,0.7100,1.2564,0.000000e+00
1562,0.7100,1.2567,0.000000e+00
1563,0.7100,1.2570,0.000000e+00
1564,0.7100,1.2573,0.000000e+00
1565,0.7100,1.2576,0.000000e+00
1566,0.7100,1.2579,0.000000e+00
1567,0.7100,1.2582,0.000000e+00
1568,0.7100,1.2584,0.000000e+00
1569,0.7100,1.2587,0.000000e+00
1570,0.7100,1.2590,0.000000e+00
1571,0.7100,1.2594,0.000000e+00
1572,0.7100,1.2597,0.000000e+00
1573,0.7100,1.2601,0.000000e+00
1574,0.7100,1.2605,0.000000e+00
1575,0.7100,1.2608,0.000000e+00
1576,0.7100,1.2612,0.000000e+00
1577,0.7100,1.2617,0.000000e+00
1578,0.7100,1.2621,0.000000e+00
1579,0.7100,1.2626,0.000000e+00
1580,0.7100,1.2632,0.000000e+00
1581,0.7100,1.2639,0.000000e+00
1582,0.7100,1.2647,0.000000e+00
1583,0.7100,1.2656,0.000000e+00
1584,0.7100,1.2669,0.000000e+00
1585,0.7100,1.2687,0.000000e+00
1586,0.7100,1.2711,0.000000e+00
1587,0.7100,1.2739,5.000000e-03
1588,0.7200,1.2762,5.000000e-03
1589,0.7200,1.2778,0.000000e+00
1590,0.7200,1.2788,0.000000e+00
1591,0.7200,1.2796,0.000000e+00
1592,0.7200,1.2807,0.000000e+00
1593,0.7200,1.2827,0.000000e+00
1594,0.7200,1.2836,0.000000e+00
1595,0.7200,1.2838,0.000000e+00
1596,0.7200,1.2841,0.000000e+00
1597,0.7200,1.2843,0.000000e+00
1598,0.7200,1.2845,0.000000e+00
1599,0.7200,1.2848,0.000000e+00
1600,0.7200,1.2850,0.000000e+00
1601,0.7200,1.2853,0.000000e+00
1602,0.7200,1.2856,0.000000e+00
1603,0.7200,1.2859,0.000000e+00
1604,0.7200,1.2861,0.000000e+00
1605,0.7200,1.2864,0.000000e+00
1606,0.7200,1.2867,0.000000e+00
1607,0.7200,1.2870,0.000000e+00
1608,0.7200,1.2873,0.000000e+00
1609,0.7200,1.2877,0.000000e+00
1610,0.7200,1.2880,0.000000e+00
1611,0.7200,1.2884,0.000000e+00
1612,0.7200,1.2887,0.000000e+00
1613,0.7200,1.2891,0.000000e+00
1614,0.7200,1.2895,0.000000e+00
1615,0.7200,1.2899,0.000000e+00
1616,0.7200,1.2903,0.000000e+00
1617,0.7200,1.2908,0.000000e+00
1618,0.7200,1.2913,0.000000e+00
1619,0.7200,1.2919,0.000000e+00
1620,0.7200,1.2925,0.000000e+00
1621,0.7200,1.2933,0.000000e+00
1622,0.7200,1.2943,0.000000e+00
1623,0.7200,1.2956,0.000000e+00
1624,0.7200,1.2975,0.000000e+00
1625,0.7200,1.3003,5.000000e-03
1626,0.7300,1.3038,5.000000e-03
1627,0.7300,1.3063,0.000000e+00
1628,0.7300,1.3077,0.000000e+00
1629,0.7300,1.3085,0.000000e+00
1630,0.7300,1.3090,0.000000e+00
1631,0.7300,1.3092,0.000000e+00
1632,0.7300,1.3096,0.000000e+00
1633,0.7300,1.3099,0.000000e+00
1634,0.7300,1.3103,0.000000e+00
1635,0.7300,1.3106,0.000000e+00
1636,0.7300,1.3109,0.000000e+00
1637,0.7300,1.3113,0.000000e+00
1638,0.7300,1.3116,0.000000e+00
1639,0.7300,1.3120,0.000000e+00
1640,0.7300,1.3123,0.000000e+00
1641,0.7300,1.3127,0.000000e+00
1642,0.7300,1.3130,0.000000e+00
1643,0.7300,1.3134,0.000000e+00
1644,0.7300,1.3137,0.000000e+00
1645,0.7300,1.3141,0.000000e+00
1646,0.7300,1.3145,0.000000e+00
1647,0.7300,1.3150,0.000000e+00
1648,0.7300,1.3154,0.000000e+00
1649,0.7300,1.3160,0.000000e+00
1650,0.7300,1.3166,0.000000e+00
1651,0.7300,1.3178,0.000000e+00
1652,0.7300,1.3198,0.000000e+00
1653,0.7300,1.3208,0.000000e+00
1654,0.7300,1.3215,0.000000e+00
1655,0.7300,1.3223,0.000000e+00
1656,0.7300,1.3233,0.000000e+00
1657,0.7300,1.3244,0.000000e+00
1658,0.7300,1.3260,0.000000e+00
1659,0.7300,1.3285,5.000000e-03
1660,0.7400,1.3323,5.000000e-03
1661,0.7400,1.3360,0.000000e+00
1662,0.7400,1.3380,0.000000e+00
1663,0.7400,1.3391,0.000000e+00
1664,0.7400,1.3397,0.000000e+00
1665,0.7400,1.3400,0.000000e+00
1666,0.7400,1.3404,0.000000e+00
1667,0.7400,1.3407,0.000000e+00
1668,0.7400,1.3411,0.000000e+00
1669,0.7400,1.3414,0.000000e+00
1670,0.7400,1.3418,0.000000e+00
1671,0.7400,1.3421,0.000000e+00
1672,0.7400,1.3425,0.000000e+00
1673,0.7400,1.3428,0.000000e+00
1674,0.7400,1.3432,0.000000e+00
1675,0.7400,1.3435,0.000000e+00
1676,0.7400,1.3439,0.000000e+00
1677,0.7400,1.3442,0.000000e+00
1678,0.7400,1.3446,0.000000e+00
1679,0.7400,1.3449,0.000000e+00
1680,0.7400,1.3453,0.000000e+00
1681,0.7400,1.3457,0.000000e+00
1682,0.7400,1.3460,0.000000e+00
1683,0.7400,1.3464,0.000000e+00
1684,0.7400,1.3469,0.000000e+00
1685,0.7400,1.3472,0.000000e+00
1686,0.7400,1.3477,0.000000e+00
1687,0.7400,1.3481,0.000000e+00
1688,0.7400,1.3486,0.000000e+00
1689,0.7400,1.3490,0.000000e+00
1690,0.7400,1.3495,0.000000e+00
1691,0.7400,1.3500,0.000000e+00
1692,0.7400,1.3506,0.000000e+00
1693,0.7400,1.3512,0.000000e+00
1694,0.7400,1.3519,0.000000e+00
1695,0.7400,1.3527,0.000000e+00
1696,0.7400,1.3537,0.000000e+00
1697,0.7400,1.3550,0.000000e+00
1698,0.7400,1.3568,5.000000e-03
1699,0.7500,1.3597,5.000000e-03
1700,0.7500,1.3650,0.000000e+00
1701,0.7500,1.3707,0.000000e+00
1702,0.7500,1.3730,0.000000e+00
1703,0.7500,1.3739,0.000000e+00
1704,0.7500,1.3745,0.000000e+00
1705,0.7500,1.3749,0.000000e+00
1706,0.7500,1.3753,0.000000e+00
1707,0.7500,1.3757,0.000000e+00
1708,0.7500,1.3760,0.000000e+00
1709,0.7500,1.3764,0.000000e+00
1710,0.7500,1.3768,1.250000e-01
1711,1.0000,1.3772,2.500000e-01
